title,price,star_rating,availability,category
Shadows in River,£19.81,Five,In stock (28 available),Classics
Shadows in Winter,£13.98,Two,In stock (7 available),Mystery
Beneath the Coast,£38.11,Four,In stock (11 available),Travel
Into the Valley,£20.31,One,In stock (13 available),Travel
Into the Winter,£30.83,Three,In stock (2 available),Classics
The Last the City,£10.58,Five,In stock (5 available),Mystery
Echoes of Harbor,£56.86,One,In stock (17 available),Travel
A Quiet River,£45.54,Four,In stock (26 available),Mystery
The Forgotten Winter,£23.90,Two,In stock (17 available),Travel
Beneath the Night,£11.22,Two,In stock (19 available),Mystery
Echoes of Village,£44.15,Two,In stock (15 available),Classics
Echoes of Kingdom,£28.92,Four,In stock (20 available),Mystery
Return to River,£17.04,Five,In stock (29 available),Classics
Letters from Garden,£35.21,Three,In stock (23 available),Travel
Whispers of Night,£53.43,Two,In stock (19 available),Classics
A Quiet Winter,£34.78,Two,In stock (30 available),Mystery
The Silent the City,£46.88,Two,In stock (23 available),Mystery
The Silent Night,£17.26,One,In stock (30 available),Mystery
The Forgotten Night,£57.05,Three,In stock (4 available),Classics
Letters from River,£31.47,Three,In stock (30 available),Classics
Fragments of Garden,£32.67,Two,In stock (22 available),Classics
A Quiet Horizon,£13.12,Three,In stock (20 available),Travel
Return to Library,£13.01,One,In stock (19 available),Travel
Into the Ocean,£47.44,Five,In stock (12 available),Mystery
A Book With Bad Price,price unavailable,Three,In stock (5 available),Travel
Fragments of the City,£35.56,Five,In stock (10 available),Classics
Echoes of Woods,£42.10,One,In stock (30 available),Mystery
A Quiet River,£38.53,Five,In stock (25 available),Travel
Letters from Ocean,£10.09,Three,In stock (25 available),Classics
The Silent Ocean,£37.14,Two,In stock (20 available),Travel
The Last Night,£55.49,Five,In stock (18 available),Travel
Whispers of Mountains,£26.32,One,In stock (3 available),Mystery
Beneath the Winter,£28.95,One,In stock (2 available),Travel
Shadows in Coast,£42.66,Four,In stock (24 available),Travel
Whispers of Ocean,£30.67,Five,In stock (8 available),Mystery
A Journey Library,£17.63,Two,Out of stock,Classics
Echoes of Winter,£40.45,Three,In stock (19 available),Mystery
The Hidden Coast,£24.97,Two,In stock (3 available),Mystery
Letters from Night,£40.67,Three,In stock (3 available),Travel
Return to Coast,£27.07,One,Out of stock,Classics
The Last the City,£39.43,Two,In stock (25 available),Classics
The Last Mountains,£50.06,One,In stock (29 available),Classics
Shadows in Ocean,£29.23,Two,In stock (6 available),Classics
Beneath the Night,£37.18,Two,In stock (22 available),Mystery
Return to Valley,£16.29,One,In stock (25 available),Classics
Beneath the Coast,£15.90,Four,In stock (14 available),Mystery
A Quiet Kingdom,£57.35,Four,In stock (30 available),Mystery
Letters from Horizon,£49.45,Three,In stock (22 available),Mystery
The Silent Village,£35.35,One,In stock (22 available),Classics
Echoes of Mountains,£21.55,Five,In stock (13 available),Travel
A Journey Night,£24.81,Two,In stock (3 available),Travel
Shadows in Kingdom,£28.77,Four,In stock (2 available),Mystery
The Forgotten Valley,£55.61,One,In stock (14 available),Mystery
Fragments of Library,£29.00,Four,In stock (23 available),Classics
The Hidden Mountains,£50.32,Three,In stock (15 available),Travel
Echoes of Harbor,£19.15,Two,In stock (14 available),Mystery
The Forgotten Garden,£34.88,Two,In stock (11 available),Classics
The Hidden Garden,£39.23,One,In stock (3 available),Travel
The Lost Garden,£10.20,Four,In stock (17 available),Mystery
Return to Night,£47.88,Three,In stock (10 available),Travel
A Book With Bad Availability,£25.50,Two,Ask in store,Classics
Return to Kingdom,£17.92,Three,In stock (4 available),Travel
The Forgotten Valley,£14.52,Five,In stock (1 available),Travel
Whispers of Coast,£29.28,Three,In stock (28 available),Mystery
The Hidden River,£18.07,One,In stock (15 available),Mystery
Beneath the Mountains,£20.58,Two,In stock (15 available),Classics
Into the Coast,£30.24,One,In stock (24 available),Travel
A Book With Bad Rating,£19.99,Zero,In stock (2 available),Mystery
The Lost the City,£48.13,Two,In stock (2 available),Travel
